ID,수요량
TEST_0000,162
TEST_0001,33
TEST_0002,253
TEST_0003,187
TEST_0004,220
TEST_0005,227
TEST_0006,192
TEST_0007,761
TEST_0008,191
TEST_0009,314
TEST_0010,63
TEST_0011,70
TEST_0012,109
TEST_0013,179
TEST_0014,88
TEST_0015,47
TEST_0016,37
TEST_0017,162
TEST_0018,80
TEST_0019,20
TEST_0020,53
TEST_0021,64
TEST_0022,60
TEST_0023,32
TEST_0024,335
TEST_0025,70
TEST_0026,204
TEST_0027,809
TEST_0028,591
TEST_0029,399
TEST_0030,319
TEST_0031,401
TEST_0032,63
TEST_0033,47
TEST_0034,427
TEST_0035,1228
TEST_0036,586
TEST_0037,600
TEST_0038,72
TEST_0039,389
TEST_0040,63
TEST_0041,25
TEST_0042,415
TEST_0043,59
TEST_0044,974
TEST_0045,219
TEST_0046,478
TEST_0047,71
TEST_0048,150
TEST_0049,49
TEST_0050,103
TEST_0051,523
TEST_0052,40
TEST_0053,215
TEST_0054,213
TEST_0055,1047
TEST_0056,20
TEST_0057,58
TEST_0058,298
TEST_0059,1279
TEST_0060,347
TEST_0061,417
TEST_0062,63
TEST_0063,202
TEST_0064,231
TEST_0065,807
TEST_0066,313
TEST_0067,40
TEST_0068,503
TEST_0069,389
TEST_0070,254
TEST_0071,42
TEST_0072,73
TEST_0073,190
TEST_0074,19
TEST_0075,277
TEST_0076,48
TEST_0077,194
TEST_0078,80
TEST_0079,212
TEST_0080,203
TEST_0081,1002
TEST_0082,125
TEST_0083,463
TEST_0084,86
TEST_0085,28
TEST_0086,232
TEST_0087,63
TEST_0088,65
TEST_0089,79
TEST_0090,36
TEST_0091,309
TEST_0092,498
TEST_0093,123
TEST_0094,152
TEST_0095,379
TEST_0096,441
TEST_0097,31
TEST_0098,312
TEST_0099,585
TEST_0100,50
TEST_0101,225
TEST_0102,34
TEST_0103,356
TEST_0104,57
TEST_0105,51
TEST_0106,128
TEST_0107,1111
TEST_0108,198
TEST_0109,189
TEST_0110,67
TEST_0111,86
TEST_0112,113
TEST_0113,426
TEST_0114,77
TEST_0115,417
TEST_0116,872
TEST_0117,53
TEST_0118,260
TEST_0119,240
TEST_0120,283
TEST_0121,60
TEST_0122,326
TEST_0123,45
TEST_0124,625
TEST_0125,39
TEST_0126,85
TEST_0127,145
TEST_0128,149
TEST_0129,386
TEST_0130,171
TEST_0131,60
TEST_0132,275
TEST_0133,181
TEST_0134,86
TEST_0135,651
TEST_0136,48
TEST_0137,22
TEST_0138,40
TEST_0139,266
TEST_0140,311
TEST_0141,168
TEST_0142,1094
TEST_0143,33
TEST_0144,291
TEST_0145,288
TEST_0146,28
TEST_0147,405
TEST_0148,277
TEST_0149,172
TEST_0150,41
TEST_0151,644
TEST_0152,38
TEST_0153,34
TEST_0154,43
TEST_0155,109
TEST_0156,22
TEST_0157,33
TEST_0158,375
TEST_0159,62
TEST_0160,248
TEST_0161,117
TEST_0162,175
TEST_0163,46
TEST_0164,63
TEST_0165,26
TEST_0166,173
TEST_0167,22
TEST_0168,38
TEST_0169,194
TEST_0170,78
TEST_0171,1124
TEST_0172,191
TEST_0173,380
TEST_0174,256
TEST_0175,458
TEST_0176,185
TEST_0177,42
TEST_0178,48
TEST_0179,334
TEST_0180,145
TEST_0181,245
TEST_0182,476
TEST_0183,29
TEST_0184,226
TEST_0185,188
TEST_0186,547
TEST_0187,73
TEST_0188,364
TEST_0189,115
TEST_0190,107
TEST_0191,29
TEST_0192,654
TEST_0193,28
TEST_0194,2235
TEST_0195,122
TEST_0196,37
TEST_0197,20
TEST_0198,278
TEST_0199,300
TEST_0200,427
TEST_0201,32
TEST_0202,49
TEST_0203,195
TEST_0204,60
TEST_0205,159
TEST_0206,219
TEST_0207,134
TEST_0208,361
TEST_0209,62
TEST_0210,36
TEST_0211,75
TEST_0212,181
TEST_0213,414
TEST_0214,427
TEST_0215,34
TEST_0216,248
TEST_0217,61
TEST_0218,41
TEST_0219,419
TEST_0220,590
TEST_0221,680
TEST_0222,93
TEST_0223,115
TEST_0224,173
TEST_0225,205
TEST_0226,61
TEST_0227,212
TEST_0228,30
TEST_0229,353
TEST_0230,47
TEST_0231,444
TEST_0232,93
TEST_0233,223
TEST_0234,211
TEST_0235,83
TEST_0236,50
TEST_0237,73
TEST_0238,156
TEST_0239,74
TEST_0240,36
TEST_0241,20
TEST_0242,727
TEST_0243,262
TEST_0244,474
TEST_0245,152
TEST_0246,57
TEST_0247,47
TEST_0248,145
TEST_0249,48
TEST_0250,30
TEST_0251,423
TEST_0252,190
TEST_0253,70
TEST_0254,364
TEST_0255,452
TEST_0256,83
TEST_0257,1099
TEST_0258,89
TEST_0259,246
TEST_0260,20
TEST_0261,393
TEST_0262,969
TEST_0263,88
TEST_0264,81
TEST_0265,55
TEST_0266,739
TEST_0267,353
TEST_0268,19
TEST_0269,502
TEST_0270,410
TEST_0271,89
TEST_0272,49
TEST_0273,126
TEST_0274,143
TEST_0275,49
TEST_0276,166
TEST_0277,213
TEST_0278,77
TEST_0279,530
TEST_0280,39
TEST_0281,50
TEST_0282,141
TEST_0283,128
TEST_0284,90
TEST_0285,31
TEST_0286,303
TEST_0287,18
TEST_0288,83
TEST_0289,119
TEST_0290,456
TEST_0291,38
TEST_0292,186
TEST_0293,170
TEST_0294,39
TEST_0295,197
TEST_0296,17
TEST_0297,55
TEST_0298,697
TEST_0299,189
TEST_0300,69
TEST_0301,96
TEST_0302,333
TEST_0303,126
TEST_0304,267
TEST_0305,219
TEST_0306,88
TEST_0307,29
TEST_0308,226
TEST_0309,387
TEST_0310,43
TEST_0311,62
TEST_0312,63
TEST_0313,73
TEST_0314,68
TEST_0315,49
TEST_0316,227
TEST_0317,28
TEST_0318,406
TEST_0319,174
TEST_0320,26
TEST_0321,27
TEST_0322,69
TEST_0323,135
TEST_0324,39
TEST_0325,324
TEST_0326,844
TEST_0327,310
TEST_0328,294
TEST_0329,56
TEST_0330,47
TEST_0331,212
TEST_0332,56
TEST_0333,77
TEST_0334,168
TEST_0335,173
TEST_0336,521
TEST_0337,20
TEST_0338,254
TEST_0339,34
TEST_0340,62
TEST_0341,354
TEST_0342,227
TEST_0343,46
TEST_0344,52
TEST_0345,66
TEST_0346,111
TEST_0347,122
TEST_0348,125
TEST_0349,196
TEST_0350,379
TEST_0351,377
TEST_0352,81
TEST_0353,431
TEST_0354,63
TEST_0355,374
TEST_0356,27
TEST_0357,48
TEST_0358,261
TEST_0359,294
TEST_0360,20
TEST_0361,362
TEST_0362,109
TEST_0363,85
TEST_0364,337
TEST_0365,68
TEST_0366,43
TEST_0367,363
TEST_0368,242
TEST_0369,36
TEST_0370,49
TEST_0371,113
TEST_0372,256
TEST_0373,315
TEST_0374,205
TEST_0375,598
TEST_0376,36
TEST_0377,52
TEST_0378,20
TEST_0379,133
TEST_0380,42
TEST_0381,87
TEST_0382,302
TEST_0383,40
TEST_0384,25
TEST_0385,56
TEST_0386,217
TEST_0387,81
TEST_0388,524
TEST_0389,16
TEST_0390,75
TEST_0391,34
TEST_0392,24
TEST_0393,338
TEST_0394,146
TEST_0395,64
TEST_0396,30
TEST_0397,392
TEST_0398,223
TEST_0399,311
TEST_0400,38
TEST_0401,71
TEST_0402,34
TEST_0403,44
TEST_0404,96
TEST_0405,39
TEST_0406,99
TEST_0407,16
TEST_0408,105
TEST_0409,73
TEST_0410,34
TEST_0411,122
TEST_0412,261
TEST_0413,317
TEST_0414,25
TEST_0415,436
TEST_0416,244
TEST_0417,167
TEST_0418,23
TEST_0419,42
TEST_0420,60
TEST_0421,149
TEST_0422,869
TEST_0423,60
TEST_0424,621
TEST_0425,180
TEST_0426,52
TEST_0427,404
TEST_0428,335
TEST_0429,170
TEST_0430,94
TEST_0431,181
TEST_0432,173
TEST_0433,252
TEST_0434,677
TEST_0435,1192
TEST_0436,117
TEST_0437,227
TEST_0438,304
TEST_0439,337
TEST_0440,388
TEST_0441,128
TEST_0442,42
TEST_0443,88
TEST_0444,93
TEST_0445,24
TEST_0446,71
TEST_0447,395
TEST_0448,26
TEST_0449,541
TEST_0450,226
TEST_0451,140
TEST_0452,107
TEST_0453,393
TEST_0454,62
TEST_0455,110
TEST_0456,387
TEST_0457,106
TEST_0458,784
TEST_0459,643
TEST_0460,1247
TEST_0461,378
TEST_0462,33
TEST_0463,187
TEST_0464,761
TEST_0465,17
TEST_0466,381
TEST_0467,435
TEST_0468,179
TEST_0469,1120
TEST_0470,179
TEST_0471,42
TEST_0472,90
TEST_0473,818
TEST_0474,1172
TEST_0475,396
TEST_0476,241
TEST_0477,207
TEST_0478,354
TEST_0479,777
TEST_0480,328
TEST_0481,104
TEST_0482,72
TEST_0483,134
TEST_0484,283
TEST_0485,86
TEST_0486,896
TEST_0487,34
TEST_0488,16
TEST_0489,45
TEST_0490,27
TEST_0491,25
TEST_0492,53
TEST_0493,73
TEST_0494,313
TEST_0495,44
TEST_0496,21
TEST_0497,68
TEST_0498,792
TEST_0499,44
TEST_0500,332
TEST_0501,227
TEST_0502,507
TEST_0503,55
TEST_0504,193
TEST_0505,211
TEST_0506,126
TEST_0507,28
TEST_0508,955
TEST_0509,189
TEST_0510,150
TEST_0511,30
TEST_0512,154
TEST_0513,170
TEST_0514,66
TEST_0515,34
TEST_0516,82
TEST_0517,37
TEST_0518,44
TEST_0519,33
TEST_0520,628
TEST_0521,167
TEST_0522,304
TEST_0523,301
TEST_0524,336
TEST_0525,114
TEST_0526,109
TEST_0527,25
TEST_0528,172
TEST_0529,38
TEST_0530,120
TEST_0531,522
TEST_0532,119
TEST_0533,213
TEST_0534,510
TEST_0535,271
TEST_0536,224
TEST_0537,28
TEST_0538,47
TEST_0539,148
TEST_0540,356
TEST_0541,762
TEST_0542,37
TEST_0543,94
TEST_0544,1222
TEST_0545,54
TEST_0546,758
TEST_0547,38
TEST_0548,1100
TEST_0549,193
TEST_0550,65
TEST_0551,302
TEST_0552,31
TEST_0553,391
TEST_0554,471
TEST_0555,52
TEST_0556,463
TEST_0557,245
TEST_0558,21
TEST_0559,47
TEST_0560,88
TEST_0561,297
TEST_0562,255
TEST_0563,236
TEST_0564,26
TEST_0565,92
TEST_0566,512
TEST_0567,374
TEST_0568,18
TEST_0569,705
TEST_0570,1287
TEST_0571,156
TEST_0572,69
TEST_0573,728
TEST_0574,222
TEST_0575,821
TEST_0576,440
TEST_0577,40
TEST_0578,42
TEST_0579,549
TEST_0580,42
TEST_0581,48
TEST_0582,23
TEST_0583,67
TEST_0584,163
TEST_0585,68
TEST_0586,115
TEST_0587,68
TEST_0588,181
TEST_0589,272
TEST_0590,492
TEST_0591,144
TEST_0592,39
TEST_0593,86
TEST_0594,48
TEST_0595,139
TEST_0596,76
TEST_0597,72
TEST_0598,38
TEST_0599,111
TEST_0600,59
TEST_0601,269
TEST_0602,71
TEST_0603,57
TEST_0604,479
TEST_0605,60
TEST_0606,1284
TEST_0607,840
TEST_0608,431
TEST_0609,329
TEST_0610,52
TEST_0611,54
TEST_0612,38
TEST_0613,86
TEST_0614,175
TEST_0615,39
TEST_0616,80
TEST_0617,55
TEST_0618,292
TEST_0619,51
TEST_0620,62
TEST_0621,91
TEST_0622,415
TEST_0623,182
TEST_0624,293
TEST_0625,42
TEST_0626,355
TEST_0627,378
TEST_0628,447
TEST_0629,469
TEST_0630,169
TEST_0631,321
TEST_0632,87
TEST_0633,15
TEST_0634,27
TEST_0635,138
TEST_0636,129
TEST_0637,36
TEST_0638,92
TEST_0639,391
TEST_0640,206
TEST_0641,102
TEST_0642,314
TEST_0643,1296
TEST_0644,78
TEST_0645,29
TEST_0646,28
TEST_0647,47
TEST_0648,67
TEST_0649,575
TEST_0650,1080
TEST_0651,133
TEST_0652,159
TEST_0653,336
TEST_0654,590
TEST_0655,407
TEST_0656,628
TEST_0657,20
TEST_0658,41
TEST_0659,634
TEST_0660,418
TEST_0661,98
TEST_0662,1468
TEST_0663,88
TEST_0664,296
TEST_0665,124
TEST_0666,44
TEST_0667,128
TEST_0668,345
TEST_0669,770
TEST_0670,449
TEST_0671,136
TEST_0672,152
TEST_0673,273
TEST_0674,937
TEST_0675,420
TEST_0676,33
TEST_0677,80
TEST_0678,187
TEST_0679,63
TEST_0680,959
TEST_0681,242
TEST_0682,214
TEST_0683,325
TEST_0684,40
TEST_0685,162
TEST_0686,53
TEST_0687,63
TEST_0688,85
TEST_0689,83
TEST_0690,24
TEST_0691,51
TEST_0692,977
TEST_0693,86
TEST_0694,82
TEST_0695,76
TEST_0696,294
TEST_0697,307
TEST_0698,239
TEST_0699,227
TEST_0700,116
TEST_0701,71
TEST_0702,22
TEST_0703,20
TEST_0704,70
TEST_0705,95
TEST_0706,39
TEST_0707,326
TEST_0708,249
TEST_0709,52
TEST_0710,155
TEST_0711,1220
TEST_0712,218
TEST_0713,836
TEST_0714,271
TEST_0715,73
TEST_0716,44
TEST_0717,24
TEST_0718,242
TEST_0719,916
TEST_0720,115
TEST_0721,193
TEST_0722,70
TEST_0723,56
TEST_0724,207
TEST_0725,162
TEST_0726,609
TEST_0727,607
TEST_0728,32
TEST_0729,44
TEST_0730,119
TEST_0731,346
TEST_0732,542
TEST_0733,27
TEST_0734,463
TEST_0735,146
TEST_0736,354
TEST_0737,223
TEST_0738,1494
TEST_0739,380
TEST_0740,352
TEST_0741,59
TEST_0742,19
TEST_0743,60
TEST_0744,214
TEST_0745,249
TEST_0746,16
TEST_0747,942
TEST_0748,137
TEST_0749,329
TEST_0750,157
TEST_0751,166
TEST_0752,608
TEST_0753,55
TEST_0754,49
TEST_0755,343
TEST_0756,412
TEST_0757,345
TEST_0758,131
TEST_0759,43
TEST_0760,270
TEST_0761,18
TEST_0762,312
TEST_0763,150
TEST_0764,928
TEST_0765,250
TEST_0766,874
TEST_0767,274
TEST_0768,130
TEST_0769,182
TEST_0770,209
TEST_0771,33
TEST_0772,74
TEST_0773,107
TEST_0774,168
TEST_0775,187
TEST_0776,421
TEST_0777,209
TEST_0778,505
TEST_0779,148
TEST_0780,26
TEST_0781,108
TEST_0782,137
TEST_0783,302
TEST_0784,176
TEST_0785,51
TEST_0786,49
TEST_0787,24
TEST_0788,74
TEST_0789,284
TEST_0790,196
TEST_0791,151
TEST_0792,791
TEST_0793,66
TEST_0794,161
TEST_0795,108
TEST_0796,28
TEST_0797,42
TEST_0798,43
TEST_0799,146
TEST_0800,34
TEST_0801,105
TEST_0802,324
TEST_0803,32
TEST_0804,417
TEST_0805,41
TEST_0806,59
TEST_0807,828
TEST_0808,1168
TEST_0809,17
TEST_0810,153
TEST_0811,20
TEST_0812,81
TEST_0813,144
TEST_0814,50
TEST_0815,46
TEST_0816,268
TEST_0817,72
TEST_0818,100
TEST_0819,62
TEST_0820,639
TEST_0821,15
TEST_0822,137
TEST_0823,15
TEST_0824,38
TEST_0825,33
TEST_0826,462
TEST_0827,77
TEST_0828,22
TEST_0829,435
TEST_0830,673
TEST_0831,182
TEST_0832,65
TEST_0833,272
TEST_0834,31
TEST_0835,306
TEST_0836,387
TEST_0837,17
TEST_0838,30
TEST_0839,137
TEST_0840,38
TEST_0841,195
TEST_0842,77
TEST_0843,244
TEST_0844,24
TEST_0845,108
TEST_0846,736
TEST_0847,169
TEST_0848,113
TEST_0849,36
TEST_0850,35
TEST_0851,31
TEST_0852,40
TEST_0853,321
TEST_0854,131
TEST_0855,480
TEST_0856,29
TEST_0857,504
TEST_0858,761
TEST_0859,46
TEST_0860,77
TEST_0861,176
TEST_0862,332
TEST_0863,37
TEST_0864,912
TEST_0865,53
TEST_0866,229
TEST_0867,43
TEST_0868,58
TEST_0869,322
TEST_0870,29
TEST_0871,403
TEST_0872,201
TEST_0873,41
TEST_0874,377
TEST_0875,165
TEST_0876,304
TEST_0877,503
TEST_0878,44
TEST_0879,386
TEST_0880,279
TEST_0881,47
TEST_0882,299
TEST_0883,295
TEST_0884,114
TEST_0885,25
TEST_0886,79
TEST_0887,141
TEST_0888,45
TEST_0889,32
TEST_0890,34
TEST_0891,281
TEST_0892,762
TEST_0893,54
TEST_0894,30
TEST_0895,118
TEST_0896,126
TEST_0897,232
TEST_0898,26
TEST_0899,333
TEST_0900,94
TEST_0901,282
TEST_0902,44
TEST_0903,307
TEST_0904,132
TEST_0905,34
TEST_0906,484
TEST_0907,273
TEST_0908,471
TEST_0909,108
TEST_0910,702
TEST_0911,66
TEST_0912,840
TEST_0913,106
TEST_0914,99
TEST_0915,95
TEST_0916,110
TEST_0917,89
TEST_0918,712
TEST_0919,414
TEST_0920,131
TEST_0921,68
TEST_0922,198
TEST_0923,395
TEST_0924,96
TEST_0925,1085
TEST_0926,71
TEST_0927,256
TEST_0928,987
TEST_0929,173
TEST_0930,316
TEST_0931,45
TEST_0932,25
TEST_0933,23
TEST_0934,40
TEST_0935,26
TEST_0936,47
TEST_0937,474
TEST_0938,22
TEST_0939,53
TEST_0940,626
TEST_0941,24
TEST_0942,21
TEST_0943,2013
TEST_0944,65
TEST_0945,90
TEST_0946,28
TEST_0947,39
TEST_0948,516
TEST_0949,201
TEST_0950,166
TEST_0951,47
TEST_0952,332
TEST_0953,277
TEST_0954,477
TEST_0955,55
TEST_0956,344
TEST_0957,616
TEST_0958,101
TEST_0959,146
TEST_0960,799
TEST_0961,324
TEST_0962,59
TEST_0963,845
TEST_0964,116
TEST_0965,517
TEST_0966,284
TEST_0967,1209
TEST_0968,213
TEST_0969,30
TEST_0970,49
TEST_0971,488
TEST_0972,212
TEST_0973,140
TEST_0974,427
TEST_0975,222
TEST_0976,411
TEST_0977,369
TEST_0978,100
TEST_0979,60
TEST_0980,198
TEST_0981,379
TEST_0982,59
TEST_0983,320
TEST_0984,133
TEST_0985,64
TEST_0986,44
TEST_0987,134
TEST_0988,84
TEST_0989,742
TEST_0990,831
TEST_0991,128
TEST_0992,48
TEST_0993,125
TEST_0994,140
TEST_0995,223
TEST_0996,39
TEST_0997,394
TEST_0998,112
TEST_0999,58
TEST_1000,102
TEST_1001,158
TEST_1002,480
TEST_1003,498
TEST_1004,133
TEST_1005,66
TEST_1006,110
TEST_1007,155
TEST_1008,25
TEST_1009,94
TEST_1010,21
TEST_1011,57
TEST_1012,19
TEST_1013,598
TEST_1014,131
TEST_1015,417
TEST_1016,311
TEST_1017,242
TEST_1018,350
TEST_1019,104
TEST_1020,43
TEST_1021,792
TEST_1022,46
TEST_1023,61
TEST_1024,70
TEST_1025,51
TEST_1026,32
TEST_1027,40
TEST_1028,207
TEST_1029,124
TEST_1030,254
TEST_1031,212
TEST_1032,274
TEST_1033,141
TEST_1034,20
TEST_1035,349
TEST_1036,134
TEST_1037,36
TEST_1038,64
TEST_1039,508
TEST_1040,85
TEST_1041,646
TEST_1042,178
TEST_1043,36
TEST_1044,786
TEST_1045,63
TEST_1046,133
TEST_1047,417
TEST_1048,355
TEST_1049,36
TEST_1050,1055
TEST_1051,148
TEST_1052,270
TEST_1053,59
TEST_1054,70
TEST_1055,39
TEST_1056,45
TEST_1057,69
TEST_1058,154
TEST_1059,26
TEST_1060,696
TEST_1061,265
TEST_1062,177
TEST_1063,2044
TEST_1064,28
TEST_1065,48
TEST_1066,33
TEST_1067,205
TEST_1068,640
TEST_1069,130
TEST_1070,401
TEST_1071,576
TEST_1072,48
TEST_1073,216
TEST_1074,63
TEST_1075,951
TEST_1076,80
TEST_1077,67
TEST_1078,215
TEST_1079,51
TEST_1080,18
TEST_1081,88
TEST_1082,45
TEST_1083,34
TEST_1084,96
TEST_1085,38
TEST_1086,333
TEST_1087,531
TEST_1088,39
TEST_1089,347
TEST_1090,59
TEST_1091,65
TEST_1092,714
TEST_1093,234
TEST_1094,223
TEST_1095,77
TEST_1096,63
TEST_1097,788
TEST_1098,499
TEST_1099,62
TEST_1100,745
TEST_1101,400
TEST_1102,41
TEST_1103,161
TEST_1104,57
TEST_1105,39
TEST_1106,568
TEST_1107,585
TEST_1108,26
TEST_1109,505
TEST_1110,449
TEST_1111,453
TEST_1112,48
TEST_1113,138
TEST_1114,30
TEST_1115,225
TEST_1116,148
TEST_1117,301
TEST_1118,55
TEST_1119,84
TEST_1120,56
TEST_1121,60
TEST_1122,38
TEST_1123,526
TEST_1124,42
TEST_1125,381
TEST_1126,102
TEST_1127,58
TEST_1128,31
TEST_1129,268
TEST_1130,53
TEST_1131,16
TEST_1132,46
TEST_1133,185
TEST_1134,256
TEST_1135,41
TEST_1136,450
TEST_1137,33
TEST_1138,23
TEST_1139,226
TEST_1140,25
TEST_1141,59
TEST_1142,247
TEST_1143,64
TEST_1144,405
TEST_1145,207
TEST_1146,42
TEST_1147,104
TEST_1148,755
TEST_1149,34
TEST_1150,371
TEST_1151,84
TEST_1152,132
TEST_1153,55
TEST_1154,43
TEST_1155,384
TEST_1156,35
TEST_1157,176
TEST_1158,247
TEST_1159,27
TEST_1160,264
TEST_1161,20
TEST_1162,187
TEST_1163,417
TEST_1164,113
TEST_1165,16
TEST_1166,33
TEST_1167,75
TEST_1168,158
TEST_1169,623
TEST_1170,456
TEST_1171,171
TEST_1172,71
TEST_1173,331
TEST_1174,418
TEST_1175,108
TEST_1176,50
TEST_1177,131
TEST_1178,76
TEST_1179,105
TEST_1180,370
TEST_1181,254
TEST_1182,364
TEST_1183,40
TEST_1184,101
TEST_1185,56
TEST_1186,361
TEST_1187,126
TEST_1188,38
TEST_1189,238
TEST_1190,96
TEST_1191,885
TEST_1192,104
TEST_1193,303
TEST_1194,335
TEST_1195,488
TEST_1196,296
TEST_1197,215
TEST_1198,57
TEST_1199,561
TEST_1200,45
TEST_1201,164
TEST_1202,495
TEST_1203,45
TEST_1204,17
TEST_1205,355
TEST_1206,26
TEST_1207,64
TEST_1208,128
TEST_1209,785
TEST_1210,89
TEST_1211,218
TEST_1212,362
TEST_1213,96
TEST_1214,224
TEST_1215,734
TEST_1216,99
TEST_1217,246
TEST_1218,330
TEST_1219,123
TEST_1220,59
TEST_1221,139
TEST_1222,123
TEST_1223,224
TEST_1224,67
TEST_1225,84
TEST_1226,123
TEST_1227,68
TEST_1228,73
TEST_1229,107
TEST_1230,219
TEST_1231,92
TEST_1232,75
TEST_1233,281
TEST_1234,818
TEST_1235,49
TEST_1236,118
TEST_1237,323
TEST_1238,212
TEST_1239,110
TEST_1240,274
TEST_1241,318
TEST_1242,42
TEST_1243,313
TEST_1244,1023
TEST_1245,392
TEST_1246,132
TEST_1247,353
TEST_1248,62
TEST_1249,139
TEST_1250,584
TEST_1251,248
TEST_1252,441
TEST_1253,17
TEST_1254,278
TEST_1255,72
TEST_1256,203
TEST_1257,32
TEST_1258,83
TEST_1259,589
TEST_1260,126
TEST_1261,47
TEST_1262,320
TEST_1263,34
TEST_1264,95
TEST_1265,80
TEST_1266,90
TEST_1267,53
TEST_1268,442
TEST_1269,549
TEST_1270,221
TEST_1271,1448
TEST_1272,103
TEST_1273,104
TEST_1274,39
TEST_1275,69
TEST_1276,66
TEST_1277,23
TEST_1278,271
TEST_1279,270
TEST_1280,49
TEST_1281,26
TEST_1282,119
TEST_1283,315
TEST_1284,140
TEST_1285,1424
TEST_1286,513
TEST_1287,57
TEST_1288,132
TEST_1289,357
TEST_1290,73
TEST_1291,143
TEST_1292,164
TEST_1293,929
TEST_1294,375
TEST_1295,1001
TEST_1296,76
TEST_1297,92
TEST_1298,1028
TEST_1299,264
TEST_1300,16
TEST_1301,239
TEST_1302,289
TEST_1303,637
TEST_1304,106
TEST_1305,275
TEST_1306,136
TEST_1307,453
TEST_1308,372
TEST_1309,29
TEST_1310,47
TEST_1311,230
TEST_1312,1527
TEST_1313,290
TEST_1314,247
TEST_1315,193
TEST_1316,90
TEST_1317,45
TEST_1318,155
TEST_1319,37
TEST_1320,51
TEST_1321,111
TEST_1322,425
TEST_1323,83
TEST_1324,15
TEST_1325,23
TEST_1326,133
TEST_1327,427
TEST_1328,85
TEST_1329,351
TEST_1330,100
TEST_1331,117
TEST_1332,357
TEST_1333,22
TEST_1334,318
TEST_1335,339
TEST_1336,506
TEST_1337,24
TEST_1338,18
TEST_1339,180
TEST_1340,462
TEST_1341,256
TEST_1342,428
TEST_1343,37
TEST_1344,28
TEST_1345,42
TEST_1346,268
TEST_1347,273
TEST_1348,169
TEST_1349,269
TEST_1350,82
TEST_1351,34
TEST_1352,113
TEST_1353,60
TEST_1354,50
TEST_1355,307
TEST_1356,391
TEST_1357,17
TEST_1358,669
TEST_1359,468
TEST_1360,915
TEST_1361,201
TEST_1362,126
TEST_1363,24
TEST_1364,60
TEST_1365,705
TEST_1366,484
TEST_1367,215
TEST_1368,349
TEST_1369,658
TEST_1370,26
TEST_1371,584
TEST_1372,56
TEST_1373,19
TEST_1374,835
TEST_1375,25
TEST_1376,19
TEST_1377,35
TEST_1378,65
TEST_1379,45
TEST_1380,71
TEST_1381,40
TEST_1382,85
TEST_1383,414
TEST_1384,118
TEST_1385,28
TEST_1386,844
TEST_1387,35
TEST_1388,103
TEST_1389,433
TEST_1390,36
TEST_1391,91
TEST_1392,324
TEST_1393,409
TEST_1394,49
TEST_1395,27
TEST_1396,62
TEST_1397,21
TEST_1398,114
TEST_1399,233
TEST_1400,41
TEST_1401,27
TEST_1402,403
TEST_1403,276
TEST_1404,43
TEST_1405,248
TEST_1406,30
TEST_1407,255
TEST_1408,681
TEST_1409,1145
TEST_1410,261
TEST_1411,149
TEST_1412,351
TEST_1413,26
TEST_1414,54
TEST_1415,37
TEST_1416,56
TEST_1417,174
TEST_1418,335
TEST_1419,192
TEST_1420,234
TEST_1421,84
TEST_1422,561
TEST_1423,359
TEST_1424,96
TEST_1425,313
TEST_1426,30
TEST_1427,32
TEST_1428,328
TEST_1429,275
TEST_1430,133
TEST_1431,333
TEST_1432,388
TEST_1433,141
TEST_1434,237
TEST_1435,106
TEST_1436,36
TEST_1437,428
TEST_1438,223
TEST_1439,583
TEST_1440,70
TEST_1441,76
TEST_1442,126
TEST_1443,97
TEST_1444,975
TEST_1445,96
TEST_1446,23
TEST_1447,74
TEST_1448,118
TEST_1449,519
TEST_1450,452
TEST_1451,511
TEST_1452,343
TEST_1453,48
TEST_1454,108
TEST_1455,203
TEST_1456,79
TEST_1457,235
TEST_1458,107
TEST_1459,56
TEST_1460,129
TEST_1461,362
TEST_1462,1079
TEST_1463,253
TEST_1464,68
TEST_1465,48
TEST_1466,154
TEST_1467,35
TEST_1468,49
TEST_1469,138
TEST_1470,128
TEST_1471,78
TEST_1472,117
TEST_1473,123
TEST_1474,43
TEST_1475,463
TEST_1476,110
TEST_1477,286
TEST_1478,145
TEST_1479,172
TEST_1480,27
TEST_1481,15
TEST_1482,25
TEST_1483,545
TEST_1484,37
TEST_1485,371
TEST_1486,88
TEST_1487,381
TEST_1488,125
TEST_1489,97
TEST_1490,72
TEST_1491,61
TEST_1492,211
TEST_1493,71
TEST_1494,110
TEST_1495,64
TEST_1496,188
TEST_1497,307
TEST_1498,385
TEST_1499,373
TEST_1500,54
TEST_1501,27
TEST_1502,63
TEST_1503,941
TEST_1504,236
TEST_1505,44
TEST_1506,1072
TEST_1507,1972
TEST_1508,132
TEST_1509,82
TEST_1510,26
TEST_1511,71
TEST_1512,112
TEST_1513,41
TEST_1514,43
TEST_1515,311
TEST_1516,85
TEST_1517,61
TEST_1518,62
TEST_1519,74
TEST_1520,506
TEST_1521,299
TEST_1522,363
TEST_1523,41
TEST_1524,1519
TEST_1525,114
TEST_1526,333
TEST_1527,167
TEST_1528,293
TEST_1529,72
TEST_1530,51
TEST_1531,57
TEST_1532,47
TEST_1533,106
TEST_1534,45
TEST_1535,164
TEST_1536,45
TEST_1537,17
TEST_1538,24
TEST_1539,92
TEST_1540,672
TEST_1541,172
TEST_1542,63
TEST_1543,25
TEST_1544,71
TEST_1545,81
TEST_1546,294
TEST_1547,42
TEST_1548,419
TEST_1549,30
TEST_1550,20
TEST_1551,444
TEST_1552,429
TEST_1553,39
TEST_1554,583
TEST_1555,133
TEST_1556,23
TEST_1557,27
TEST_1558,413
TEST_1559,123
TEST_1560,362
TEST_1561,186
TEST_1562,125
TEST_1563,43
TEST_1564,40
TEST_1565,541
TEST_1566,624
TEST_1567,112
TEST_1568,44
TEST_1569,133
TEST_1570,166
TEST_1571,32
TEST_1572,16
TEST_1573,48
TEST_1574,514
TEST_1575,32
TEST_1576,18
TEST_1577,590
TEST_1578,118
TEST_1579,46
TEST_1580,644
TEST_1581,82
TEST_1582,42
TEST_1583,372
TEST_1584,79
TEST_1585,53
TEST_1586,37
TEST_1587,237
TEST_1588,15
TEST_1589,425
TEST_1590,283
TEST_1591,44
TEST_1592,69
TEST_1593,536
TEST_1594,356
TEST_1595,386
TEST_1596,413
TEST_1597,123
TEST_1598,40
TEST_1599,124
TEST_1600,113
TEST_1601,216
TEST_1602,547
TEST_1603,276
TEST_1604,820
TEST_1605,59
TEST_1606,581
TEST_1607,105
TEST_1608,56
TEST_1609,145
TEST_1610,33
TEST_1611,148
TEST_1612,186
TEST_1613,34
TEST_1614,806
TEST_1615,171
TEST_1616,376
TEST_1617,201
TEST_1618,128
TEST_1619,229
TEST_1620,41
TEST_1621,73
TEST_1622,416
TEST_1623,56
TEST_1624,484
TEST_1625,41
TEST_1626,151
TEST_1627,76
TEST_1628,89
TEST_1629,470
TEST_1630,588
TEST_1631,29
TEST_1632,250
TEST_1633,96
TEST_1634,104
TEST_1635,516
TEST_1636,85
TEST_1637,244
TEST_1638,81
TEST_1639,223
TEST_1640,90
TEST_1641,220
TEST_1642,86
TEST_1643,69
TEST_1644,155
TEST_1645,89
TEST_1646,36
TEST_1647,232
TEST_1648,275
TEST_1649,213
TEST_1650,25
TEST_1651,67
TEST_1652,112
TEST_1653,267
TEST_1654,57
TEST_1655,42
TEST_1656,79
TEST_1657,25
TEST_1658,408
TEST_1659,334
TEST_1660,218
TEST_1661,176
TEST_1662,190
TEST_1663,30
TEST_1664,153
TEST_1665,140
TEST_1666,207
TEST_1667,127
TEST_1668,1368
TEST_1669,507
TEST_1670,314
TEST_1671,74
TEST_1672,62
TEST_1673,239
TEST_1674,29
TEST_1675,209
TEST_1676,407
TEST_1677,33
TEST_1678,30
TEST_1679,126
TEST_1680,75
TEST_1681,75
TEST_1682,553
TEST_1683,465
TEST_1684,37
TEST_1685,62
TEST_1686,20
TEST_1687,24
TEST_1688,146
TEST_1689,116
TEST_1690,32
TEST_1691,49
TEST_1692,60
TEST_1693,29
TEST_1694,572
TEST_1695,113
TEST_1696,549
TEST_1697,49
TEST_1698,123
TEST_1699,58
TEST_1700,721
TEST_1701,49
TEST_1702,131
TEST_1703,59
TEST_1704,446
TEST_1705,33
TEST_1706,25
TEST_1707,378
TEST_1708,653
TEST_1709,25
TEST_1710,285
TEST_1711,154
TEST_1712,181
TEST_1713,294
TEST_1714,68
TEST_1715,252
TEST_1716,136
TEST_1717,568
TEST_1718,54
TEST_1719,248
TEST_1720,266
TEST_1721,38
TEST_1722,88
TEST_1723,490
TEST_1724,41
TEST_1725,23
TEST_1726,846
TEST_1727,56
TEST_1728,155
TEST_1729,38
TEST_1730,504
TEST_1731,2714
TEST_1732,64
TEST_1733,80
TEST_1734,678
TEST_1735,136
TEST_1736,28
TEST_1737,519
TEST_1738,671
TEST_1739,46
TEST_1740,606
TEST_1741,37
TEST_1742,145
TEST_1743,25
TEST_1744,190
TEST_1745,37
TEST_1746,46
TEST_1747,20
TEST_1748,117
TEST_1749,451
TEST_1750,44
TEST_1751,406
TEST_1752,68
TEST_1753,531
TEST_1754,15
TEST_1755,318
TEST_1756,73
TEST_1757,31
TEST_1758,141
TEST_1759,102
TEST_1760,191
TEST_1761,13
TEST_1762,155
TEST_1763,37
TEST_1764,526
TEST_1765,22
TEST_1766,64
TEST_1767,276
TEST_1768,161
TEST_1769,159
TEST_1770,73
TEST_1771,35
TEST_1772,468
TEST_1773,55
TEST_1774,107
TEST_1775,43
TEST_1776,16
TEST_1777,69
TEST_1778,173
TEST_1779,54
TEST_1780,360
TEST_1781,112
TEST_1782,279
TEST_1783,175
TEST_1784,62
TEST_1785,1658
TEST_1786,75
TEST_1787,107
TEST_1788,31
TEST_1789,41
TEST_1790,285
TEST_1791,43
TEST_1792,134
TEST_1793,116
TEST_1794,60
TEST_1795,389
TEST_1796,110
TEST_1797,26
TEST_1798,198
TEST_1799,25
TEST_1800,161
TEST_1801,472
TEST_1802,1570
TEST_1803,66
TEST_1804,238
TEST_1805,128
TEST_1806,64
TEST_1807,280
TEST_1808,106
TEST_1809,66
TEST_1810,647
TEST_1811,105
TEST_1812,355
TEST_1813,80
TEST_1814,2658
TEST_1815,130
TEST_1816,64
TEST_1817,337
TEST_1818,147
TEST_1819,389
TEST_1820,71
TEST_1821,540
TEST_1822,109
TEST_1823,30
TEST_1824,75
TEST_1825,25
TEST_1826,118
TEST_1827,1001
TEST_1828,404
TEST_1829,24
TEST_1830,494
TEST_1831,29
TEST_1832,621
TEST_1833,119
TEST_1834,14
TEST_1835,426
TEST_1836,66
TEST_1837,60
TEST_1838,199
TEST_1839,1048
TEST_1840,297
TEST_1841,528
TEST_1842,505
TEST_1843,293
TEST_1844,18
TEST_1845,46
TEST_1846,115
TEST_1847,641
TEST_1848,190
TEST_1849,44
TEST_1850,21
TEST_1851,140
TEST_1852,254
TEST_1853,105
TEST_1854,558
TEST_1855,487
TEST_1856,31
TEST_1857,55
TEST_1858,65
TEST_1859,117
TEST_1860,63
TEST_1861,402
TEST_1862,556
TEST_1863,65
TEST_1864,109
TEST_1865,114
TEST_1866,33
TEST_1867,368
TEST_1868,571
TEST_1869,39
TEST_1870,343
TEST_1871,201
TEST_1872,64
TEST_1873,23
TEST_1874,104
TEST_1875,88
TEST_1876,18
TEST_1877,91
TEST_1878,251
TEST_1879,34
TEST_1880,76
TEST_1881,1077
TEST_1882,210
TEST_1883,64
TEST_1884,100
TEST_1885,187
TEST_1886,32
TEST_1887,36
TEST_1888,154
TEST_1889,125
TEST_1890,1235
TEST_1891,295
TEST_1892,52
TEST_1893,99
TEST_1894,149
TEST_1895,310
TEST_1896,299
TEST_1897,47
TEST_1898,150
TEST_1899,65
TEST_1900,142
TEST_1901,82
TEST_1902,517
TEST_1903,307
TEST_1904,423
TEST_1905,103
TEST_1906,37
TEST_1907,202
TEST_1908,58
TEST_1909,95
TEST_1910,228
TEST_1911,43
TEST_1912,72
TEST_1913,229
TEST_1914,212
TEST_1915,145
TEST_1916,79
TEST_1917,25
TEST_1918,189
TEST_1919,115
TEST_1920,129
TEST_1921,157
TEST_1922,325
TEST_1923,53
TEST_1924,331
TEST_1925,25
TEST_1926,127
TEST_1927,62
TEST_1928,110
TEST_1929,21
TEST_1930,413
TEST_1931,113
TEST_1932,576
TEST_1933,351
TEST_1934,207
TEST_1935,174
TEST_1936,463
TEST_1937,225
TEST_1938,358
TEST_1939,365
TEST_1940,60
TEST_1941,73
TEST_1942,66
TEST_1943,92
TEST_1944,994
TEST_1945,254
TEST_1946,52
TEST_1947,25
TEST_1948,359
TEST_1949,167
TEST_1950,456
TEST_1951,65
TEST_1952,119
TEST_1953,105
TEST_1954,108
TEST_1955,116
TEST_1956,386
TEST_1957,41
TEST_1958,836
TEST_1959,81
TEST_1960,51
TEST_1961,1093
TEST_1962,38
TEST_1963,207
TEST_1964,26
TEST_1965,96
TEST_1966,26
TEST_1967,433
TEST_1968,167
TEST_1969,22
TEST_1970,101
TEST_1971,42
TEST_1972,69
TEST_1973,94
TEST_1974,31
TEST_1975,108
TEST_1976,380
TEST_1977,363
TEST_1978,124
TEST_1979,113
TEST_1980,65
TEST_1981,23
TEST_1982,54
TEST_1983,210
TEST_1984,194
TEST_1985,25
TEST_1986,133
TEST_1987,96
TEST_1988,85
TEST_1989,90
TEST_1990,263
TEST_1991,404
TEST_1992,504
TEST_1993,54
TEST_1994,59
TEST_1995,49
TEST_1996,465
TEST_1997,57
TEST_1998,77
TEST_1999,72
TEST_2000,65
TEST_2001,111
TEST_2002,509
TEST_2003,15
TEST_2004,36
TEST_2005,329
TEST_2006,54
TEST_2007,436
TEST_2008,845
TEST_2009,195
TEST_2010,46
TEST_2011,158
TEST_2012,560
TEST_2013,167
TEST_2014,286
TEST_2015,119
TEST_2016,402
TEST_2017,340
TEST_2018,38
TEST_2019,483
TEST_2020,59
TEST_2021,50
TEST_2022,41
TEST_2023,35
TEST_2024,570
TEST_2025,342
TEST_2026,68
TEST_2027,206
TEST_2028,62
TEST_2029,385
TEST_2030,160
TEST_2031,72
TEST_2032,58
TEST_2033,37
TEST_2034,219
TEST_2035,189
TEST_2036,275
TEST_2037,81
TEST_2038,27
TEST_2039,430
TEST_2040,121
TEST_2041,20
TEST_2042,344
TEST_2043,159
TEST_2044,121
TEST_2045,821
TEST_2046,38
TEST_2047,33
TEST_2048,56
TEST_2049,107
TEST_2050,41
TEST_2051,27
TEST_2052,225
TEST_2053,51
TEST_2054,95
TEST_2055,347
TEST_2056,43
TEST_2057,214
TEST_2058,116
TEST_2059,148
TEST_2060,371
TEST_2061,133
TEST_2062,665
TEST_2063,361
TEST_2064,691
TEST_2065,955
TEST_2066,76
TEST_2067,48
TEST_2068,116
TEST_2069,23
TEST_2070,155
TEST_2071,114
TEST_2072,194
TEST_2073,219
TEST_2074,118
TEST_2075,247
TEST_2076,79
TEST_2077,129
TEST_2078,51
TEST_2079,602
TEST_2080,295
TEST_2081,39
TEST_2082,104
TEST_2083,41
TEST_2084,107
TEST_2085,28
TEST_2086,284
TEST_2087,77
TEST_2088,66
TEST_2089,355
TEST_2090,1190
TEST_2091,27
TEST_2092,484
TEST_2093,510
TEST_2094,84
TEST_2095,30
TEST_2096,199
TEST_2097,360
TEST_2098,42
TEST_2099,135
TEST_2100,118
TEST_2101,671
TEST_2102,189
TEST_2103,50
TEST_2104,123
TEST_2105,36
TEST_2106,33
TEST_2107,21
TEST_2108,1086
TEST_2109,332
TEST_2110,619
TEST_2111,546
TEST_2112,31
TEST_2113,30
TEST_2114,90
TEST_2115,33
TEST_2116,15
TEST_2117,68
TEST_2118,57
TEST_2119,294
TEST_2120,30
TEST_2121,87
TEST_2122,98
TEST_2123,71
TEST_2124,223
TEST_2125,61
TEST_2126,232
TEST_2127,89
TEST_2128,194
TEST_2129,29
TEST_2130,60
TEST_2131,455
TEST_2132,81
TEST_2133,163
TEST_2134,38
TEST_2135,52
TEST_2136,141
TEST_2137,151
TEST_2138,1322
TEST_2139,150
TEST_2140,337
TEST_2141,1044
TEST_2142,192
TEST_2143,88
TEST_2144,40
TEST_2145,279
TEST_2146,195
TEST_2147,269
TEST_2148,29
TEST_2149,1479
TEST_2150,45
TEST_2151,87
TEST_2152,23
TEST_2153,110
TEST_2154,42
TEST_2155,50
TEST_2156,17
TEST_2157,127
TEST_2158,24
TEST_2159,1302
TEST_2160,398
TEST_2161,87
TEST_2162,49
TEST_2163,124
TEST_2164,328
TEST_2165,62
TEST_2166,67
TEST_2167,81
TEST_2168,616
TEST_2169,51
TEST_2170,193
TEST_2171,248
TEST_2172,47
TEST_2173,34
TEST_2174,198
TEST_2175,19
TEST_2176,186
TEST_2177,50
TEST_2178,53
TEST_2179,1071
TEST_2180,43
TEST_2181,279
TEST_2182,72
TEST_2183,439
TEST_2184,30
TEST_2185,374
TEST_2186,106
TEST_2187,106
TEST_2188,483
TEST_2189,71
TEST_2190,105
TEST_2191,52
TEST_2192,119
TEST_2193,214
TEST_2194,42
TEST_2195,706
TEST_2196,83
TEST_2197,36
TEST_2198,57
TEST_2199,41
TEST_2200,24
TEST_2201,123
TEST_2202,29
TEST_2203,2109
TEST_2204,652
TEST_2205,105
TEST_2206,114
TEST_2207,57
TEST_2208,170
TEST_2209,307
TEST_2210,92
TEST_2211,393
TEST_2212,203
TEST_2213,216
TEST_2214,26
TEST_2215,55
TEST_2216,68
TEST_2217,160
TEST_2218,192
TEST_2219,31
TEST_2220,24
TEST_2221,354
TEST_2222,17
TEST_2223,156
TEST_2224,29
TEST_2225,123
TEST_2226,512
TEST_2227,30
TEST_2228,444
TEST_2229,806
TEST_2230,194
TEST_2231,181
TEST_2232,156
TEST_2233,27
TEST_2234,388
TEST_2235,165
TEST_2236,377
TEST_2237,107
TEST_2238,133
TEST_2239,145
TEST_2240,147
TEST_2241,452
TEST_2242,73
TEST_2243,39
TEST_2244,58
TEST_2245,26
TEST_2246,389
TEST_2247,307
TEST_2248,57
TEST_2249,160
TEST_2250,395
TEST_2251,46
TEST_2252,198
TEST_2253,40
TEST_2254,400
TEST_2255,96
TEST_2256,599
TEST_2257,119
TEST_2258,386
TEST_2259,376
TEST_2260,38
TEST_2261,456
TEST_2262,186
TEST_2263,69
TEST_2264,100
TEST_2265,663
TEST_2266,140
TEST_2267,40
TEST_2268,40
TEST_2269,66
TEST_2270,252
TEST_2271,570
TEST_2272,31
TEST_2273,81
TEST_2274,42
TEST_2275,30
TEST_2276,39
TEST_2277,317
TEST_2278,46
TEST_2279,47
TEST_2280,34
TEST_2281,212
TEST_2282,312
TEST_2283,166
TEST_2284,113
TEST_2285,164
TEST_2286,46
TEST_2287,67
TEST_2288,31
TEST_2289,60
TEST_2290,163
TEST_2291,490
TEST_2292,258
TEST_2293,23
TEST_2294,298
TEST_2295,515
TEST_2296,207
TEST_2297,333
TEST_2298,65
TEST_2299,32
TEST_2300,350
TEST_2301,241
TEST_2302,334
TEST_2303,24
TEST_2304,36
TEST_2305,193
TEST_2306,300
TEST_2307,267
TEST_2308,52
TEST_2309,357
TEST_2310,441
TEST_2311,44
TEST_2312,66
TEST_2313,131
TEST_2314,41
TEST_2315,37
TEST_2316,99
TEST_2317,42
TEST_2318,40
TEST_2319,212
TEST_2320,57
TEST_2321,186
TEST_2322,387
TEST_2323,146
TEST_2324,475
TEST_2325,76
TEST_2326,53
TEST_2327,29
TEST_2328,297
TEST_2329,1900
TEST_2330,110
TEST_2331,67
TEST_2332,88
TEST_2333,419
TEST_2334,32
TEST_2335,25
TEST_2336,615
TEST_2337,429
TEST_2338,294
TEST_2339,244
TEST_2340,100
TEST_2341,41
TEST_2342,131
TEST_2343,125
TEST_2344,1156
TEST_2345,37
TEST_2346,64
TEST_2347,647
TEST_2348,38
TEST_2349,18
TEST_2350,924
TEST_2351,50
TEST_2352,290
TEST_2353,335
TEST_2354,38
TEST_2355,139
TEST_2356,238
TEST_2357,121
TEST_2358,121
TEST_2359,246
TEST_2360,255
TEST_2361,24
TEST_2362,262
TEST_2363,17
TEST_2364,307
TEST_2365,266
TEST_2366,854
TEST_2367,156
TEST_2368,177
TEST_2369,437
TEST_2370,31
TEST_2371,39
TEST_2372,1308
TEST_2373,366
TEST_2374,367
TEST_2375,22
TEST_2376,271
TEST_2377,630
TEST_2378,109
TEST_2379,65
TEST_2380,145
TEST_2381,199
TEST_2382,152
TEST_2383,246
TEST_2384,103
TEST_2385,29
TEST_2386,495
TEST_2387,123
TEST_2388,701
TEST_2389,288
TEST_2390,150
TEST_2391,14
TEST_2392,690
TEST_2393,309
TEST_2394,39
TEST_2395,75
TEST_2396,147
TEST_2397,278
TEST_2398,254
TEST_2399,561
TEST_2400,128
TEST_2401,28
TEST_2402,322
TEST_2403,38
TEST_2404,120
TEST_2405,1016
TEST_2406,43
TEST_2407,817
TEST_2408,310
TEST_2409,29
TEST_2410,199
TEST_2411,21
TEST_2412,321
TEST_2413,27
TEST_2414,25
TEST_2415,93
TEST_2416,764
TEST_2417,319
TEST_2418,61
TEST_2419,47
TEST_2420,565
TEST_2421,293
TEST_2422,34
TEST_2423,424
TEST_2424,298
TEST_2425,36
TEST_2426,45
TEST_2427,78
TEST_2428,18
TEST_2429,41
TEST_2430,89
TEST_2431,58
TEST_2432,791
TEST_2433,39
TEST_2434,363
TEST_2435,451
TEST_2436,1111
TEST_2437,357
TEST_2438,190
TEST_2439,480
TEST_2440,196
TEST_2441,28
TEST_2442,45
TEST_2443,189
TEST_2444,279
TEST_2445,29
TEST_2446,27
TEST_2447,76
TEST_2448,16
TEST_2449,264
TEST_2450,63
TEST_2451,36
TEST_2452,198
TEST_2453,33
TEST_2454,120
TEST_2455,23
TEST_2456,56
TEST_2457,19
TEST_2458,140
TEST_2459,251
TEST_2460,457
TEST_2461,48
TEST_2462,44
TEST_2463,561
TEST_2464,127
TEST_2465,177
TEST_2466,376
TEST_2467,76
TEST_2468,165
TEST_2469,140
TEST_2470,136
TEST_2471,664
TEST_2472,259
TEST_2473,203
TEST_2474,177
TEST_2475,277
TEST_2476,1749
TEST_2477,251
TEST_2478,33
TEST_2479,114
TEST_2480,71
TEST_2481,79
TEST_2482,508
TEST_2483,90
TEST_2484,80
TEST_2485,78
TEST_2486,381
TEST_2487,178
TEST_2488,93
TEST_2489,25
TEST_2490,851
TEST_2491,114
TEST_2492,20
TEST_2493,48
TEST_2494,394
TEST_2495,358
TEST_2496,331
TEST_2497,71
TEST_2498,173
TEST_2499,201
TEST_2500,77
TEST_2501,108
TEST_2502,50
TEST_2503,201
TEST_2504,693
TEST_2505,24
TEST_2506,160
TEST_2507,38
TEST_2508,45
TEST_2509,200
TEST_2510,546
TEST_2511,40
TEST_2512,178
TEST_2513,295
TEST_2514,430
TEST_2515,88
TEST_2516,33
TEST_2517,163
TEST_2518,89
TEST_2519,35
TEST_2520,441
TEST_2521,28
TEST_2522,136
TEST_2523,433
TEST_2524,279
TEST_2525,74
TEST_2526,345
TEST_2527,339
TEST_2528,566
TEST_2529,175
TEST_2530,89
TEST_2531,456
TEST_2532,680
TEST_2533,22
TEST_2534,27
TEST_2535,31
TEST_2536,34
TEST_2537,27
TEST_2538,1063
TEST_2539,90
TEST_2540,383
TEST_2541,98
TEST_2542,36
TEST_2543,194
TEST_2544,20
TEST_2545,354
TEST_2546,82
TEST_2547,85
TEST_2548,850
TEST_2549,39
TEST_2550,41
TEST_2551,344
TEST_2552,69
TEST_2553,283
TEST_2554,94
TEST_2555,272
TEST_2556,58
TEST_2557,31
TEST_2558,530
TEST_2559,23
TEST_2560,25
TEST_2561,17
TEST_2562,2068
TEST_2563,61
TEST_2564,376
TEST_2565,98
TEST_2566,21
TEST_2567,373
TEST_2568,19
TEST_2569,20
TEST_2570,145
TEST_2571,287
TEST_2572,27
TEST_2573,438
TEST_2574,819
TEST_2575,313
TEST_2576,194
TEST_2577,95
TEST_2578,15
TEST_2579,469
TEST_2580,38
TEST_2581,23
TEST_2582,379
TEST_2583,49
TEST_2584,52
TEST_2585,103
TEST_2586,111
TEST_2587,373
TEST_2588,118
TEST_2589,402
TEST_2590,96
TEST_2591,30
TEST_2592,147
TEST_2593,303
TEST_2594,68
TEST_2595,49
TEST_2596,212
TEST_2597,601
TEST_2598,47
TEST_2599,669
TEST_2600,435
TEST_2601,89
TEST_2602,87
TEST_2603,507
TEST_2604,520
TEST_2605,44
TEST_2606,99
TEST_2607,72
TEST_2608,39
TEST_2609,339
TEST_2610,60
TEST_2611,15
TEST_2612,20
TEST_2613,70
TEST_2614,315
TEST_2615,37
TEST_2616,61
TEST_2617,26
TEST_2618,105
TEST_2619,116
TEST_2620,816
TEST_2621,135
TEST_2622,78
TEST_2623,79
TEST_2624,304
TEST_2625,1608
TEST_2626,941
TEST_2627,174
TEST_2628,46
TEST_2629,41
TEST_2630,54
TEST_2631,102
TEST_2632,35
TEST_2633,209
TEST_2634,468
TEST_2635,2009
TEST_2636,176
TEST_2637,467
TEST_2638,214
TEST_2639,58
TEST_2640,53
TEST_2641,82
TEST_2642,749
TEST_2643,190
TEST_2644,74
TEST_2645,98
TEST_2646,26
TEST_2647,380
TEST_2648,179
TEST_2649,120
TEST_2650,115
TEST_2651,89
TEST_2652,843
TEST_2653,543
TEST_2654,48
TEST_2655,341
TEST_2656,243
TEST_2657,277
TEST_2658,301
TEST_2659,361
TEST_2660,385
TEST_2661,122
TEST_2662,67
TEST_2663,57
TEST_2664,118
TEST_2665,88
TEST_2666,39
TEST_2667,145
TEST_2668,463
TEST_2669,54
TEST_2670,202
TEST_2671,463
TEST_2672,43
TEST_2673,63
TEST_2674,44
TEST_2675,235
TEST_2676,44
TEST_2677,52
TEST_2678,17
TEST_2679,311
TEST_2680,1479
TEST_2681,52
TEST_2682,21
TEST_2683,46
TEST_2684,57
TEST_2685,173
TEST_2686,184
TEST_2687,18
TEST_2688,31
TEST_2689,263
TEST_2690,77
TEST_2691,239
TEST_2692,114
TEST_2693,74
TEST_2694,83
TEST_2695,866
TEST_2696,424
TEST_2697,19
TEST_2698,28
TEST_2699,1203
TEST_2700,180
TEST_2701,31
TEST_2702,28
TEST_2703,182
TEST_2704,28
TEST_2705,172
TEST_2706,191
TEST_2707,371
TEST_2708,484
TEST_2709,328
TEST_2710,89
TEST_2711,67
TEST_2712,294
TEST_2713,26
TEST_2714,80
TEST_2715,135
TEST_2716,127
TEST_2717,396
TEST_2718,22
TEST_2719,50
TEST_2720,258
TEST_2721,241
TEST_2722,108
TEST_2723,234
TEST_2724,143
TEST_2725,30
TEST_2726,55
TEST_2727,53
TEST_2728,68
TEST_2729,54
TEST_2730,42
TEST_2731,148
TEST_2732,208
TEST_2733,497
TEST_2734,82
TEST_2735,202
TEST_2736,49
TEST_2737,180
TEST_2738,344
TEST_2739,24
TEST_2740,430
TEST_2741,507
TEST_2742,698
TEST_2743,302
TEST_2744,85
TEST_2745,137
TEST_2746,113
TEST_2747,384
TEST_2748,77
TEST_2749,26
TEST_2750,23
TEST_2751,49
TEST_2752,419
TEST_2753,641
TEST_2754,23
TEST_2755,64
TEST_2756,74
TEST_2757,933
TEST_2758,238
TEST_2759,837
TEST_2760,370
TEST_2761,141
TEST_2762,58
TEST_2763,260
TEST_2764,35
TEST_2765,831
TEST_2766,203
TEST_2767,257
TEST_2768,52
TEST_2769,124
TEST_2770,130
TEST_2771,229
TEST_2772,349
TEST_2773,32
TEST_2774,232
TEST_2775,309
TEST_2776,359
TEST_2777,86
TEST_2778,415
TEST_2779,40
TEST_2780,106
TEST_2781,1362
TEST_2782,563
TEST_2783,38
TEST_2784,177
TEST_2785,332
TEST_2786,46
TEST_2787,62
TEST_2788,351
TEST_2789,106
TEST_2790,241
TEST_2791,198
TEST_2792,379
TEST_2793,22
TEST_2794,79
TEST_2795,339
TEST_2796,65
TEST_2797,459
TEST_2798,59
TEST_2799,35
TEST_2800,202
TEST_2801,242
TEST_2802,39
TEST_2803,206
TEST_2804,45
TEST_2805,21
TEST_2806,47
TEST_2807,321
TEST_2808,200
TEST_2809,121
TEST_2810,250
TEST_2811,380
TEST_2812,74
TEST_2813,70
TEST_2814,187
TEST_2815,23
TEST_2816,29
TEST_2817,62
TEST_2818,43
TEST_2819,35
TEST_2820,40
TEST_2821,142
TEST_2822,428
TEST_2823,24
TEST_2824,144
TEST_2825,968
TEST_2826,399
TEST_2827,1050
TEST_2828,88
TEST_2829,757
TEST_2830,45
TEST_2831,137
TEST_2832,226
TEST_2833,33
TEST_2834,239
TEST_2835,113
TEST_2836,420
TEST_2837,35
TEST_2838,368
TEST_2839,103
TEST_2840,447
TEST_2841,175
TEST_2842,927
TEST_2843,139
TEST_2844,392
TEST_2845,109
TEST_2846,141
TEST_2847,476
TEST_2848,68
TEST_2849,346
TEST_2850,78
TEST_2851,289
TEST_2852,103
TEST_2853,173
TEST_2854,27
TEST_2855,77
TEST_2856,979
TEST_2857,248
TEST_2858,214
TEST_2859,227
TEST_2860,121
TEST_2861,410
TEST_2862,23
TEST_2863,572
TEST_2864,121
TEST_2865,20
TEST_2866,93
TEST_2867,332
TEST_2868,78
TEST_2869,35
TEST_2870,44
TEST_2871,310
TEST_2872,185
TEST_2873,1001
TEST_2874,1092
TEST_2875,43
TEST_2876,43
TEST_2877,959
TEST_2878,347
TEST_2879,23
TEST_2880,314
TEST_2881,58
TEST_2882,357
TEST_2883,148
TEST_2884,110
TEST_2885,419
TEST_2886,456
TEST_2887,399
TEST_2888,150
TEST_2889,52
TEST_2890,673
TEST_2891,139
TEST_2892,126
TEST_2893,233
TEST_2894,328
TEST_2895,788
TEST_2896,151
TEST_2897,338
TEST_2898,196
TEST_2899,31
TEST_2900,277
TEST_2901,438
TEST_2902,20
TEST_2903,156
TEST_2904,463
TEST_2905,107
TEST_2906,1244
TEST_2907,358
TEST_2908,53
TEST_2909,68
TEST_2910,846
TEST_2911,246
TEST_2912,113
TEST_2913,25
TEST_2914,841
TEST_2915,57
TEST_2916,795
TEST_2917,19
TEST_2918,224
TEST_2919,67
TEST_2920,137
TEST_2921,162
TEST_2922,541
TEST_2923,332
TEST_2924,17
TEST_2925,343
TEST_2926,274
TEST_2927,138
TEST_2928,76
TEST_2929,258
TEST_2930,121
TEST_2931,31
TEST_2932,399
TEST_2933,89
TEST_2934,38
TEST_2935,628
TEST_2936,20
TEST_2937,87
TEST_2938,31
TEST_2939,85
TEST_2940,22
TEST_2941,277
TEST_2942,699
TEST_2943,395
TEST_2944,270
TEST_2945,233
TEST_2946,95
TEST_2947,257
TEST_2948,414
TEST_2949,195
TEST_2950,182
TEST_2951,1237
TEST_2952,133
TEST_2953,78
TEST_2954,70
TEST_2955,665
TEST_2956,866
TEST_2957,380
TEST_2958,241
TEST_2959,949
TEST_2960,550
TEST_2961,27
TEST_2962,401
TEST_2963,1450
TEST_2964,160
TEST_2965,324
TEST_2966,59
TEST_2967,34
TEST_2968,733
TEST_2969,35
TEST_2970,23
TEST_2971,1051
TEST_2972,433
TEST_2973,120
TEST_2974,44
TEST_2975,87
TEST_2976,565
TEST_2977,27
TEST_2978,728
TEST_2979,51
TEST_2980,70
TEST_2981,37
TEST_2982,517
TEST_2983,115
TEST_2984,808
TEST_2985,131
TEST_2986,165
TEST_2987,246
TEST_2988,51
TEST_2989,284
TEST_2990,29
TEST_2991,1073
TEST_2992,68
TEST_2993,32
TEST_2994,55
TEST_2995,171
TEST_2996,54
TEST_2997,270
TEST_2998,1123
TEST_2999,87
TEST_3000,47
TEST_3001,338
TEST_3002,281
TEST_3003,27
TEST_3004,161
TEST_3005,26
TEST_3006,51
TEST_3007,22
TEST_3008,22
TEST_3009,522
TEST_3010,465
TEST_3011,29
TEST_3012,343
TEST_3013,84
TEST_3014,1266
TEST_3015,187
TEST_3016,29
TEST_3017,935
TEST_3018,90
TEST_3019,131
TEST_3020,665
TEST_3021,128
TEST_3022,36
TEST_3023,182
TEST_3024,288
TEST_3025,158
TEST_3026,337
TEST_3027,318
TEST_3028,38
TEST_3029,195
TEST_3030,153
TEST_3031,35
TEST_3032,187
TEST_3033,249
TEST_3034,128
TEST_3035,82
TEST_3036,243
TEST_3037,57
TEST_3038,40
TEST_3039,241
TEST_3040,55
TEST_3041,128
TEST_3042,37
TEST_3043,92
TEST_3044,366
TEST_3045,113
TEST_3046,245
TEST_3047,469
TEST_3048,15
TEST_3049,45
TEST_3050,63
TEST_3051,103
TEST_3052,49
TEST_3053,487
TEST_3054,1046
TEST_3055,399
TEST_3056,184
TEST_3057,335
TEST_3058,313
TEST_3059,42
TEST_3060,70
TEST_3061,274
TEST_3062,219
TEST_3063,73
TEST_3064,20
TEST_3065,236
TEST_3066,374
TEST_3067,82
TEST_3068,61
TEST_3069,129
TEST_3070,774
TEST_3071,184
TEST_3072,177
TEST_3073,274
TEST_3074,96
TEST_3075,87
TEST_3076,54
TEST_3077,264
TEST_3078,29
TEST_3079,34
TEST_3080,255
TEST_3081,53
TEST_3082,396
TEST_3083,29
TEST_3084,634
TEST_3085,1217
TEST_3086,645
TEST_3087,22
TEST_3088,152
TEST_3089,29
TEST_3090,308
TEST_3091,118
TEST_3092,205
TEST_3093,781
TEST_3094,1007
TEST_3095,158
TEST_3096,677
TEST_3097,23
TEST_3098,698
TEST_3099,87
TEST_3100,40
TEST_3101,34
TEST_3102,66
TEST_3103,117
TEST_3104,72
TEST_3105,181
TEST_3106,58
TEST_3107,76
TEST_3108,27
TEST_3109,248
TEST_3110,168
TEST_3111,90
TEST_3112,37
TEST_3113,340
TEST_3114,88
TEST_3115,825
TEST_3116,157
TEST_3117,87
TEST_3118,310
TEST_3119,52
TEST_3120,299
TEST_3121,42
TEST_3122,35
TEST_3123,105
TEST_3124,649
TEST_3125,41
TEST_3126,139
TEST_3127,35
TEST_3128,37
TEST_3129,34
TEST_3130,81
TEST_3131,286
TEST_3132,116
TEST_3133,78
TEST_3134,65
TEST_3135,69
TEST_3136,253
TEST_3137,327
TEST_3138,127
TEST_3139,82
TEST_3140,28
TEST_3141,48
TEST_3142,343
TEST_3143,84
TEST_3144,26
TEST_3145,741
TEST_3146,246
TEST_3147,378
TEST_3148,276
TEST_3149,46
TEST_3150,49
TEST_3151,83
TEST_3152,151
TEST_3153,37
TEST_3154,208
TEST_3155,34
TEST_3156,19
TEST_3157,44
TEST_3158,72
TEST_3159,96
TEST_3160,163
TEST_3161,105
TEST_3162,47
TEST_3163,46
TEST_3164,351
TEST_3165,798
TEST_3166,39
TEST_3167,309
TEST_3168,136
TEST_3169,226
TEST_3170,131
TEST_3171,157
TEST_3172,183
TEST_3173,753
TEST_3174,129
TEST_3175,130
TEST_3176,321
TEST_3177,157
TEST_3178,506
TEST_3179,49
TEST_3180,228
TEST_3181,711
TEST_3182,678
TEST_3183,67
TEST_3184,39
TEST_3185,43
TEST_3186,52
TEST_3187,61
TEST_3188,162
TEST_3189,957
TEST_3190,753
TEST_3191,19
TEST_3192,24
TEST_3193,144
TEST_3194,295
TEST_3195,303
TEST_3196,134
TEST_3197,110
TEST_3198,366
TEST_3199,613
TEST_3200,59
TEST_3201,378
TEST_3202,187
TEST_3203,16
TEST_3204,62
TEST_3205,181
TEST_3206,35
TEST_3207,90
TEST_3208,155
TEST_3209,73
TEST_3210,51
TEST_3211,298
TEST_3212,132
TEST_3213,1155
TEST_3214,27
TEST_3215,272
TEST_3216,58
TEST_3217,113
TEST_3218,33
TEST_3219,63
TEST_3220,70
TEST_3221,250
TEST_3222,46
TEST_3223,627
TEST_3224,443
TEST_3225,497
TEST_3226,127
TEST_3227,623
TEST_3228,641
TEST_3229,26
TEST_3230,116
TEST_3231,369
TEST_3232,22
TEST_3233,84
TEST_3234,34
TEST_3235,170
TEST_3236,40
TEST_3237,511
TEST_3238,270
TEST_3239,841
TEST_3240,237
TEST_3241,501
TEST_3242,679
TEST_3243,57
TEST_3244,230
TEST_3245,1083
TEST_3246,65
TEST_3247,343
TEST_3248,501
TEST_3249,234
TEST_3250,24
TEST_3251,560
TEST_3252,110
TEST_3253,35
TEST_3254,73
TEST_3255,48
TEST_3256,420
TEST_3257,49
TEST_3258,89
TEST_3259,503
TEST_3260,23
TEST_3261,265
TEST_3262,128
TEST_3263,148
TEST_3264,1460
TEST_3265,30
TEST_3266,66
TEST_3267,58
TEST_3268,122
TEST_3269,1426
TEST_3270,518
TEST_3271,16
TEST_3272,453
TEST_3273,165
TEST_3274,34
TEST_3275,337
TEST_3276,275
TEST_3277,374
TEST_3278,972
TEST_3279,15
TEST_3280,33
TEST_3281,53
TEST_3282,51
TEST_3283,117
TEST_3284,42
TEST_3285,774
TEST_3286,284
TEST_3287,43
TEST_3288,392
TEST_3289,52
TEST_3290,169
TEST_3291,159
TEST_3292,76
TEST_3293,238
TEST_3294,57
TEST_3295,54
TEST_3296,846
TEST_3297,480
TEST_3298,469
TEST_3299,1168
TEST_3300,43
TEST_3301,403
TEST_3302,161
TEST_3303,273
TEST_3304,107
TEST_3305,340
TEST_3306,283
TEST_3307,311
TEST_3308,196
TEST_3309,144
TEST_3310,118
TEST_3311,71
TEST_3312,177
TEST_3313,56
TEST_3314,404
TEST_3315,60
TEST_3316,27
TEST_3317,69
TEST_3318,104
TEST_3319,290
TEST_3320,913
TEST_3321,64
TEST_3322,174
TEST_3323,167
TEST_3324,16
TEST_3325,63
TEST_3326,153
TEST_3327,394
TEST_3328,38
TEST_3329,412
TEST_3330,29
TEST_3331,286
TEST_3332,125
TEST_3333,73
TEST_3334,24
TEST_3335,186
TEST_3336,209
TEST_3337,64
TEST_3338,386
TEST_3339,63
TEST_3340,846
TEST_3341,384
TEST_3342,430
TEST_3343,68
TEST_3344,383
TEST_3345,83
TEST_3346,175
TEST_3347,279
TEST_3348,36
TEST_3349,68
TEST_3350,59
TEST_3351,66
TEST_3352,175
TEST_3353,109
TEST_3354,135
TEST_3355,113
TEST_3356,293
TEST_3357,93
TEST_3358,365
TEST_3359,64
TEST_3360,286
TEST_3361,225
TEST_3362,316
TEST_3363,16
TEST_3364,33
TEST_3365,261
TEST_3366,41
TEST_3367,118
TEST_3368,169
TEST_3369,162
TEST_3370,160
TEST_3371,131
TEST_3372,274
TEST_3373,408
TEST_3374,55
TEST_3375,35
TEST_3376,72
TEST_3377,391
TEST_3378,703
TEST_3379,169
TEST_3380,26
TEST_3381,34
TEST_3382,28
TEST_3383,103
TEST_3384,384
TEST_3385,767
TEST_3386,76
TEST_3387,212
TEST_3388,191
TEST_3389,35
TEST_3390,46
TEST_3391,59
TEST_3392,30
TEST_3393,58
TEST_3394,252
TEST_3395,122
TEST_3396,314
TEST_3397,398
TEST_3398,71
TEST_3399,121
TEST_3400,90
TEST_3401,34
TEST_3402,190
TEST_3403,66
TEST_3404,17
TEST_3405,330
TEST_3406,396
TEST_3407,349
TEST_3408,122
TEST_3409,199
TEST_3410,30
TEST_3411,322
TEST_3412,23
TEST_3413,57
TEST_3414,41
TEST_3415,194
TEST_3416,150
TEST_3417,344
TEST_3418,314
TEST_3419,56
TEST_3420,91
TEST_3421,63
TEST_3422,323
TEST_3423,54
TEST_3424,32
TEST_3425,64
TEST_3426,160
TEST_3427,26
TEST_3428,80
TEST_3429,373
TEST_3430,42
TEST_3431,205
TEST_3432,153
TEST_3433,748
TEST_3434,1191
TEST_3435,154
TEST_3436,64
TEST_3437,27
TEST_3438,27
TEST_3439,249
TEST_3440,189
TEST_3441,141
TEST_3442,1775
TEST_3443,95
TEST_3444,44
TEST_3445,71
TEST_3446,111
TEST_3447,14
TEST_3448,44
TEST_3449,65
TEST_3450,16
TEST_3451,516
TEST_3452,56
TEST_3453,84
TEST_3454,423
TEST_3455,64
TEST_3456,36
TEST_3457,240
TEST_3458,202
TEST_3459,166
TEST_3460,32
TEST_3461,254
TEST_3462,110
TEST_3463,45
TEST_3464,389
TEST_3465,128
TEST_3466,127
TEST_3467,35
TEST_3468,71
TEST_3469,33
TEST_3470,148
TEST_3471,416
TEST_3472,261
TEST_3473,151
TEST_3474,59
TEST_3475,490
TEST_3476,148
TEST_3477,220
TEST_3478,23
TEST_3479,278
TEST_3480,60
TEST_3481,22
TEST_3482,47
TEST_3483,687
TEST_3484,555
TEST_3485,54
TEST_3486,79
TEST_3487,84
TEST_3488,1177
TEST_3489,71
TEST_3490,52
TEST_3491,195
TEST_3492,599
TEST_3493,219
TEST_3494,46
TEST_3495,418
TEST_3496,103
TEST_3497,136
TEST_3498,571
TEST_3499,43
TEST_3500,62
TEST_3501,895
TEST_3502,204
TEST_3503,774
TEST_3504,146
TEST_3505,57
TEST_3506,40
TEST_3507,26
TEST_3508,281
TEST_3509,551
TEST_3510,81
TEST_3511,40
TEST_3512,25
TEST_3513,48
TEST_3514,46
TEST_3515,64
TEST_3516,171
TEST_3517,77
TEST_3518,315
TEST_3519,149
TEST_3520,131
TEST_3521,824
TEST_3522,27
TEST_3523,180
TEST_3524,54
TEST_3525,30
TEST_3526,86
TEST_3527,26
TEST_3528,159
TEST_3529,54
TEST_3530,47
TEST_3531,377
TEST_3532,285
TEST_3533,343
TEST_3534,31
TEST_3535,47
TEST_3536,53
TEST_3537,19
TEST_3538,240
TEST_3539,1009
TEST_3540,17
TEST_3541,211
TEST_3542,233
TEST_3543,80
TEST_3544,40
TEST_3545,1758
TEST_3546,41
TEST_3547,227
TEST_3548,138
TEST_3549,36
TEST_3550,37
TEST_3551,35
TEST_3552,210
TEST_3553,607
TEST_3554,110
TEST_3555,128
TEST_3556,67
TEST_3557,80
TEST_3558,315
TEST_3559,212
TEST_3560,22
TEST_3561,201
TEST_3562,121
TEST_3563,54
TEST_3564,138
TEST_3565,34
TEST_3566,51
TEST_3567,457
TEST_3568,1218
TEST_3569,402
TEST_3570,527
TEST_3571,27
TEST_3572,120
TEST_3573,18
TEST_3574,199
TEST_3575,268
TEST_3576,488
TEST_3577,218
TEST_3578,67
TEST_3579,166
TEST_3580,124
TEST_3581,197
TEST_3582,231
TEST_3583,177
TEST_3584,585
TEST_3585,167
TEST_3586,87
TEST_3587,119
TEST_3588,35
TEST_3589,128
TEST_3590,209
TEST_3591,93
TEST_3592,149
TEST_3593,48
TEST_3594,43
TEST_3595,39
TEST_3596,30
TEST_3597,107
TEST_3598,167
TEST_3599,1471
TEST_3600,63
TEST_3601,32
TEST_3602,146
TEST_3603,299
TEST_3604,80
TEST_3605,130
TEST_3606,71
TEST_3607,131
TEST_3608,91
TEST_3609,75
TEST_3610,26
TEST_3611,484
TEST_3612,491
TEST_3613,422
TEST_3614,1305
TEST_3615,153
TEST_3616,129
TEST_3617,24
TEST_3618,529
TEST_3619,228
TEST_3620,23
TEST_3621,258
TEST_3622,323
TEST_3623,33
TEST_3624,57
TEST_3625,21
TEST_3626,84
TEST_3627,414
TEST_3628,186
TEST_3629,396
TEST_3630,245
TEST_3631,23
TEST_3632,131
TEST_3633,25
TEST_3634,99
TEST_3635,75
TEST_3636,73
TEST_3637,149
TEST_3638,620
TEST_3639,618
TEST_3640,71
TEST_3641,88
TEST_3642,270
TEST_3643,153
TEST_3644,399
TEST_3645,116
TEST_3646,88
TEST_3647,172
TEST_3648,44
TEST_3649,39
TEST_3650,51
TEST_3651,22
TEST_3652,147
TEST_3653,513
TEST_3654,1075
TEST_3655,510
TEST_3656,524
TEST_3657,261
TEST_3658,176
TEST_3659,1811
TEST_3660,266
TEST_3661,517
TEST_3662,59
TEST_3663,325
TEST_3664,97
TEST_3665,299
TEST_3666,23
TEST_3667,1128
TEST_3668,155
TEST_3669,228
TEST_3670,55
TEST_3671,88
TEST_3672,604
TEST_3673,100
TEST_3674,42
TEST_3675,53
TEST_3676,17
TEST_3677,141
TEST_3678,839
TEST_3679,175
TEST_3680,34
TEST_3681,22
TEST_3682,53
TEST_3683,125
TEST_3684,18
TEST_3685,60
TEST_3686,90
TEST_3687,65
TEST_3688,45
TEST_3689,340
TEST_3690,57
TEST_3691,429
TEST_3692,284
TEST_3693,692
TEST_3694,466
TEST_3695,386
TEST_3696,297
TEST_3697,223
TEST_3698,188
TEST_3699,267
TEST_3700,26
TEST_3701,98
TEST_3702,47
TEST_3703,28
TEST_3704,23
TEST_3705,49
TEST_3706,458
TEST_3707,71
TEST_3708,310
TEST_3709,320
TEST_3710,45
TEST_3711,76
TEST_3712,549
TEST_3713,507
TEST_3714,288
TEST_3715,411
TEST_3716,114
TEST_3717,326
TEST_3718,453
TEST_3719,256
TEST_3720,321
TEST_3721,22
TEST_3722,58
TEST_3723,573
TEST_3724,481
TEST_3725,37
TEST_3726,43
TEST_3727,143
TEST_3728,170
TEST_3729,1350
TEST_3730,197
TEST_3731,165
TEST_3732,29
TEST_3733,27
TEST_3734,269
TEST_3735,35
TEST_3736,75
TEST_3737,51
TEST_3738,336
TEST_3739,92
TEST_3740,80
TEST_3741,37
TEST_3742,61
TEST_3743,274
TEST_3744,24
TEST_3745,570
TEST_3746,424
TEST_3747,446
TEST_3748,24
TEST_3749,555
TEST_3750,137
TEST_3751,73
TEST_3752,564
TEST_3753,328
TEST_3754,1065
TEST_3755,248
TEST_3756,200
TEST_3757,18
TEST_3758,69
TEST_3759,29
TEST_3760,228
TEST_3761,286
TEST_3762,102
TEST_3763,363
TEST_3764,69
TEST_3765,76
TEST_3766,157
TEST_3767,247
TEST_3768,54
TEST_3769,114
TEST_3770,44
TEST_3771,98
TEST_3772,35
TEST_3773,23
TEST_3774,147
TEST_3775,53
TEST_3776,451
TEST_3777,31
TEST_3778,131
TEST_3779,402
TEST_3780,655
TEST_3781,48
TEST_3782,22
TEST_3783,45
TEST_3784,282
TEST_3785,144
TEST_3786,222
TEST_3787,256
TEST_3788,120
TEST_3789,44
TEST_3790,427
TEST_3791,627
TEST_3792,354
TEST_3793,40
TEST_3794,188
TEST_3795,1115
TEST_3796,70
TEST_3797,46
TEST_3798,84
TEST_3799,126
TEST_3800,27
TEST_3801,951
TEST_3802,202
TEST_3803,19
TEST_3804,216
TEST_3805,121
TEST_3806,133
TEST_3807,428
TEST_3808,30
TEST_3809,156
TEST_3810,407
TEST_3811,114
TEST_3812,607
TEST_3813,366
TEST_3814,368
TEST_3815,56
TEST_3816,934
TEST_3817,72
TEST_3818,25
TEST_3819,144
TEST_3820,71
TEST_3821,84
TEST_3822,143
TEST_3823,1110
TEST_3824,112
TEST_3825,32
TEST_3826,68
TEST_3827,42
TEST_3828,97
TEST_3829,235
TEST_3830,94
TEST_3831,143
TEST_3832,22
TEST_3833,28
TEST_3834,60
TEST_3835,397
TEST_3836,108
TEST_3837,364
TEST_3838,85
TEST_3839,212
TEST_3840,347
TEST_3841,206
TEST_3842,331
TEST_3843,139
TEST_3844,16
TEST_3845,66
TEST_3846,387
TEST_3847,411
TEST_3848,53
TEST_3849,51
TEST_3850,174
TEST_3851,376
TEST_3852,200
TEST_3853,383
TEST_3854,387
TEST_3855,40
TEST_3856,38
TEST_3857,55
TEST_3858,137
TEST_3859,117
TEST_3860,292
TEST_3861,121
TEST_3862,86
TEST_3863,733
TEST_3864,250
TEST_3865,14
TEST_3866,722
TEST_3867,179
TEST_3868,124
TEST_3869,82
TEST_3870,155
TEST_3871,128
TEST_3872,554
TEST_3873,53
TEST_3874,49
TEST_3875,470
TEST_3876,171
TEST_3877,209
TEST_3878,109
TEST_3879,191
TEST_3880,123
TEST_3881,241
TEST_3882,162
TEST_3883,102
TEST_3884,365
TEST_3885,235
TEST_3886,867
TEST_3887,290
TEST_3888,27
TEST_3889,124
TEST_3890,48
TEST_3891,45
TEST_3892,52
TEST_3893,917
TEST_3894,169
TEST_3895,114
TEST_3896,185
TEST_3897,225
TEST_3898,64
TEST_3899,52
TEST_3900,16
TEST_3901,447
TEST_3902,66
TEST_3903,352
TEST_3904,333
TEST_3905,307
TEST_3906,27
TEST_3907,1499
TEST_3908,335
TEST_3909,31
TEST_3910,1082
TEST_3911,265
TEST_3912,179
TEST_3913,1223
TEST_3914,387
